IRIS;P20_POP;P20_POP0014;P20_POP1529;P20_POP3044;P20_POP4559;P20_POP6074;P20_POP75P
350470104;7228.821417;1435.968369;1663.504659;1558.077761;1462.780529;590.9235305;517.5665688
352100101;6527.4895;1471.833593;1432.7341;1403.668893;1266.99683;637.6198317;314.6362521
350510105;701.729853;153.7840824;90.32063004;139.9540872;129.6428428;136.8200501;51.2081605
352380306;2633.47705;400.4730856;704.1407615;537.2357984;558.1458304;296.7693878;136.7121862
350510203;1456.856281;174.3266333;217.6808465;138.7284343;361.7169358;457.2124409;107.1909907
350470103;1869.88221;283.341753;356.9221332;324.5522116;459.6771877;372.8676066;72.52131767
353340102;1972.028051;365.1665127;220.7538015;354.9735995;356.6367774;438.1894364;236.3079239
350470102;2530.534715;435.7758303;392.9820598;362.2624868;492.8818206;413.9768471;432.6556702
353520101;2552;384;490;457;460;420;341
350510104;82.08358846;8.586509934;20.01533169;6.48792085;27.2885252;16.30311304;3.402187751
352380102;1500.264806;112.6957631;858.5481749;194.7417321;161.5505223;119.2775647;53.45104861
350510204;2236.844855;300.4040748;256.2572823;267.1180837;439.3444535;544.867074;428.853887
352810201;6564.424706;1493.963195;1569.095741;1569.69451;1204.44608;466.2973136;260.927867
351960101;3386.228104;529.2665882;678.4283649;558.239121;722.026695;467.0022799;431.2650555
350010101;2543.256521;471.2904142;333.2582046;466.0637416;491.0841739;541.5234471;240.0365393
352400103;4536.912871;930.0336727;1015.041564;938.8009842;944.9574266;500.7722307;207.3069925
352780101;5217.419863;1093.348715;1052.743748;982.9811212;1122.786016;620.0989455;345.4613167
352100103;1820.003442;348.862551;361.3841433;245.6067309;569.8887406;226.2341229;68.02715285
352380308;8.000002328;1.000000291;1.000000291;5.000001455;1.000000291;0;0
352380704;167.607856;16.51087592;32.12149464;27.79405646;47.05247004;33.42861533;10.70034358
352380806;3110.766714;451.0394694;865.8432494;576.4837209;648.780153;336.6428632;231.9772584
352381201;1975.940895;375.5560746;536.12413;375.4858211;400.1091373;204.3041372;84.36159498
352381105;1578.968977;412.6622033;394.5027951;257.0665841;199.5771919;223.5612021;91.5989999
352380702;2750.697225;370.1740373;891.0645281;485.0418337;432.6408836;287.2770675;284.4988749
352380209;3571.880006;462.6039805;1216.042782;933.3117198;539.8166062;296.1213242;123.9835931
352380506;1713.226445;240.1013752;211.9556787;253.1328756;292.9200978;421.6718051;293.4446121
352380605;3379.708813;16.25347851;3252.971883;87.4834444;18.00000524;5.000001455;0
352380602;3045.28657;331.2065652;1223.062678;450.7398367;462.8076485;240.5834298;336.8864115
350650000;2244;422;353;406;484;456;123
350790000;2355;528;351;485;548;330;113
353530000;6234;1016.857337;1404.74028;1454.041419;1012.089433;811.0529768;535.2185538
352160000;1794;497;297;461;353;139;47
350580000;1302;352.7853017;187.9354467;351.7666647;222.2040447;132.0654747;55.24306746
351200000;5685;1364.019901;932.2932991;1350.040713;1091.295531;682.4310056;264.9195502
350880000;3526;764.1257856;582.8607967;701.8633384;772.7576294;448.3978566;255.9945933
352500000;2219;459.7488363;428.1869507;467.7045332;495.2613715;278.0218049;90.07650346
350010102;4321.743479;900.8125811;762.5038231;902.317332;977.7543389;552.3824839;225.9729202
352060101;3361.146207;484.4281983;557.9399824;545.0357281;766.0993491;702.6853342;304.9576154
352100102;1796.039235;285.9070037;257.748503;250.7821401;435.0361287;274.951161;291.6142983
350240102;1947.093475;290.4404569;275.2225406;231.2157835;554.8511315;470.3320434;125.0315186
350470105;2528.628527;311.9739121;1046.947413;223.6030099;484.7123207;329.3916144;132.0002562
350470106;1519.843312;188.8309473;212.3847882;161.2168126;545.5596157;327.0238073;84.82734065
350660103;115.7447321;19.12820952;16.0380659;26.04087158;13.10046152;28.96300049;12.47412312
353520102;3172;594;558;550;962;406;102
350510103;3048.641545;283.6535291;1250.299343;452.4158451;331.6102611;502.9292787;227.7332879
350510202;1145.398738;150.8472136;285.9100039;269.4389955;143.9006488;159.3431297;135.9587463
352381104;2088.365315;588.8765885;475.3796811;483.5760264;279.8856381;195.8319845;64.8153967
350240103;2898.376886;513.1417063;543.2264553;656.9119922;519.3239171;406.7127498;259.0600654
352380905;244.2280306;59.47912925;37.47166643;54.6948053;44.12058505;32.37040144;16.09144319
352380804;2267.252624;310.6309756;683.7778285;529.7656497;378.279605;203.4104299;161.3881348
352380109;1596.528441;105.3148532;827.2635982;302.7083799;202.757879;119.702125;38.78160599
352381205;2443.479735;288.1558324;667.400147;439.6040601;415.4858914;333.6413885;299.1924157
352381108;1647.141815;221.6559533;342.9856463;329.240215;261.9435063;323.7613532;167.555141
352381103;1925.152502;383.8341435;321.1998142;308.2272594;346.268819;291.6335249;273.9889405
352380105;2329.139174;177.4658827;1012.979116;378.1777115;332.4632622;246.5629341;181.490268
352380402;4440.574982;605.7781492;1478.576326;902.2376648;692.259315;441.1870134;320.5365139
352381005;1929.659664;253.8883014;877.1562783;286.8423238;149.2162732;195.3363652;167.2201221
352380302;2558.212395;246.8148108;813.1954357;603.9129842;301.7594375;272.0178972;320.5118296
352380303;1995.262418;167.0544814;859.4667154;352.5219022;209.177106;193.7113849;213.3308283
352380505;2434.904589;329.0895613;707.9690617;448.1089772;401.1136845;401.5718223;147.0514823
352380202;3831.921134;571.7391074;1239.493684;578.8286212;586.2026562;531.4195248;324.23754
352380601;3634.604432;494.7383366;1245.982652;577.2411633;620.1724051;429.71894;266.7509347
352040000;3378;696.5001284;542.9951244;671.4741163;773.4056879;541.6936612;151.9312818
351390000;5162;1096;722;1008;1240;765;331
350800000;2476;597;423;464;596;300;96
350590000;4628;997;733;940;944;765;249
350220000;698;115;104;117;162;97;103
351440000;1064;266.628053;141.3075796;253.1341114;183.0163651;174.9139922;44.99989869
352380808;3034.530893;404.1249165;1052.434477;659.3656719;435.001392;315.6253319;167.979104
352380110;2442.954561;240.5911347;1025.467771;451.857162;264.0534331;244.5034034;216.481657
352380208;3763.371586;374.8638079;1264.352147;772.5234264;527.8371597;420.8625451;402.9325001
352380107;2120.950016;215.0486689;435.3603401;235.8597777;379.8927063;450.6014545;404.1870689
352380403;387.8933306;86.13760114;159.1169164;75.02024361;35.75751884;20.63578702;11.2252636
352381004;2748.344038;412.4641856;1305.038306;373.9792219;295.9283615;207.5636675;153.3702948
352380204;2278.858009;418.3147034;673.3879887;514.9648921;370.9802997;179.4068796;121.8032458
352380603;3471.843533;335.4310656;1947.472694;490.5620911;374.9979282;239.3516094;84.02814441
352380509;2520.139566;330.4384983;415.5233551;384.9759015;488.1808898;636.9741758;264.0467452
352380304;2983.278139;372.5989703;897.3591257;516.9781856;522.4989175;338.369054;335.4738855
352380205;2056.039832;280.9248998;904.1539451;387.4294998;246.9772059;161.2945066;75.25977479
352380501;2181.672336;393.4011776;503.1011701;420.4927804;416.2082171;284.9124159;163.5565746
353630000;4389;827;810;835;1100;624;193
353340103;3159.855764;615.9511951;632.0599006;654.718324;749.7048024;405.1730861;102.2484562
352381202;1844.302829;269.3967144;349.0907955;256.4296728;289.7039881;425.475822;254.2058367
350240101;5580.009344;1361.688374;941.6473812;1304.824629;1075.71965;636.2500781;259.8792322
353340101;3452.116184;704.021684;499.5218865;761.7191146;696.0045451;587.3325416;203.5164123
352060102;3956.853793;749.3627612;807.5282488;743.945795;883.5797351;543.6596941;228.7775584
350550103;1550.869233;263.3919409;225.9640793;217.1357736;328.7273461;366.0230046;149.6270887
350550102;5266.623388;941.9020571;1137.434849;1098.053578;1038.700837;589.8095339;460.7225328
352380904;2776.815841;445.8621998;602.0725895;673.5015573;562.2836837;333.7618624;159.3339485
352380203;2179.426374;160.3482646;1051.896508;276.2657762;334.7773377;217.9960269;138.1424599
352380902;4647.055675;546.2781154;1754.139109;1085.655145;600.3040709;406.9482124;253.7310227
351960102;1814.456024;306.1643169;262.1197753;276.9461014;373.2290778;373.0226293;222.9741236
352381203;2006.147036;594.8540391;380.7348738;424.0574281;308.6107491;208.9711905;88.91875571
352381002;2097.949536;161.2034825;952.0539782;142.2581683;213.1915286;277.7128388;351.52954
352381001;4229.139186;240.9424543;3252.775845;358.8347193;199.3358452;107.2646026;69.98571945
352450000;4085;938.0522347;640.7041792;875.6872177;787.9163946;536.6825817;305.957392
351800000;795;193.1780027;110.6065923;170.4534538;165.2018631;105.0906384;50.46944971
350810000;910;212;151;206;180;119;42
350390000;2040;485.5294707;328.6243747;450.8659079;458.0132445;254.3285775;62.63842473
351960103;2284.315871;405.2002011;364.111613;442.0213607;455.6872154;432.350636;184.9448451
350240104;2211.520295;331.187671;313.6143066;293.2404347;484.6916731;506.2072335;282.578976
352810101;5223.847967;892.9772328;1521.969734;1241.736129;858.0782349;413.4220862;295.6645493
352780103;2942.779675;525.8005061;412.6701872;433.5134206;639.7449947;633.734572;297.3159947
350660101;2713.010614;455.8632491;460.1134764;441.4089176;604.9026112;526.0250365;224.6973234
350470101;3412.28982;603.4965533;751.89956;512.0308156;830.7388018;516.4404347;197.6836551
350550101;3418.507378;503.0054306;663.2594822;553.012669;664.3958358;565.4535897;469.3803711
350510101;3967.890971;561.3888027;874.035363;607.5096176;839.5269092;414.6229943;670.8072847
352380101;2576.98814;180.6108079;1279.703184;366.6344082;347.1572896;232.3571808;170.5252702
350510102;4389.545809;693.3665627;1227.234945;810.9135373;836.3680388;501.4752372;320.1874878
352380901;3571.420744;325.4911763;1317.414512;720.783721;559.8727626;365.9435877;281.9149844
352400102;2294.791072;374.3849603;479.1043649;432.3936729;510.6633625;317.8891308;180.3555805
352780102;1720.800462;205.4937166;315.3911254;263.8714751;293.3563301;473.3084408;169.3793737
352381204;2007.469831;340.1571236;477.1826831;344.2884912;325.9417582;318.8654222;201.0343531
352380606;2506.611188;293.288007;1194.190851;452.3411184;281.4816672;132.4288252;152.8807191
352380807;1864.383987;327.7978005;468.2369268;521.3166039;300.974788;168.5284568;77.52941122
352380705;3009.853134;509.1573816;603.2326415;626.2058791;648.2292355;451.1044556;171.9235406
352381207;1817.964107;413.0170248;374.658494;373.0651129;290.0775059;229.675258;137.4707109
352380805;2062.020778;268.8417673;565.6272151;482.7557927;375.4819943;234.4631497;134.8508587
352381206;2098.480437;324.2378829;424.9801635;442.5767234;371.7075096;262.5094955;272.4686622
352380401;1653.146442;177.0963724;628.4961454;247.4009755;234.8025317;173.9905824;191.3598344
352381107;1864.10148;330.9992738;440.6824977;333.925455;297.3318805;325.7131162;135.4492572
352381106;2085.415876;517.949277;401.338808;360.1505405;342.7969227;282.8868442;180.2934831
352380707;1729.1247;298.2299632;297.117389;326.7032809;370.4855856;254.41902;182.1694609
352380801;2534.172295;383.7218482;709.5027866;469.6429493;442.2172493;352.6724798;176.4149817
352380706;3569.749609;620.2967557;644.5426599;706.9453365;736.6041222;547.8660195;313.4947148
352380708;2754.1683;442.5291638;550.5630785;594.5530432;520.1018248;379.9011038;266.5200857
352380207;3707.630459;368.9630925;1378.563569;783.1600956;492.2609007;367.5833447;317.0994567
352380104;2128.213009;116.6391754;1023.780129;337.8155852;214.5864883;216.1516932;219.2399374
352380508;3417.771928;646.5457922;758.9114518;678.1065069;562.4255849;461.1830852;310.5995068
352380307;272.9223776;20.00000582;209.0315329;15.01574041;18.00000524;4.000001164;6.875092098
352380301;4399.909895;420.4563764;1491.954125;931.2868605;443.3416858;536.6238095;576.2470377
352381006;2549.388471;562.1332947;1153.365445;303.1688256;287.7690474;156.3324875;86.61937156
352380502;2046.759494;650.9315519;426.5693646;380.5311337;347.4175529;183.5544474;57.75544363
353510000;1435;324.6174305;214.1836838;285.6741887;364.1527972;195.2129522;51.15894766
352381102;2390.578805;579.3388397;553.7197184;523.3217381;363.112382;287.8510028;83.2351237
352380604;2411.503849;287.8718194;781.4099475;381.0559232;525.3501758;326.102864;109.7131191
352380108;1920.718758;132.8851403;671.0118556;385.8008666;196.0934992;274.5035091;260.4238874
352380503;1477.084855;201.5057481;336.0376495;208.637542;201.4481346;301.1054293;228.3503515
352080000;5341;1145.045144;822.7253567;1160.639964;1167.53025;768.7034195;276.3558649
353150000;1440;306.6585523;177.8091849;297.3979293;315.2910727;257.0914976;85.75176323
350320000;4579;1087.327003;790.5868087;1053.401004;920.5508645;535.6072558;191.5270635
352400101;2415.296057;545.0826423;409.8874057;509.3968552;493.3150398;279.9719901;177.6421243
353520103;2565;475;325;418;556;672;119
350660102;4636.923995;771.0416159;859.1058446;828.2679856;869.3295365;854.9787256;454.2002865
350660104;724.3206591;152.701557;207.0054896;168.9769883;137.0996772;50.20229898;8.334647979
352380703;2361.098597;286.9669598;578.692809;479.016948;382.9925661;350.9534045;282.4759093
352380607;552.0429917;125.6613314;189.1444265;138.9735619;62.48309478;27.62446134;8.156115699
352380103;1619.408334;154.0730778;700.3972508;278.3726662;214.7688321;154.751424;117.0450833
350510201;287.0083585;45.13030563;85.78621838;69.29340338;51.61387758;26.05711998;9.127433539
352810202;2166.727327;426.189507;498.8976582;421.7543089;395.7990613;246.5984132;177.4883785
352100105;1860.467824;317.3136707;264.1715727;254.5755824;358.4866053;392.6641597;273.256233
352380802;2169.284536;282.0624658;500.8425941;376.8824003;468.7454905;341.8815243;198.8700606
352381101;1898.25175;529.0741262;568.112054;349.9428528;210.8890943;137.2322922;103.0013302
352381109;1421.47253;155.6035965;340.2173235;215.0892852;228.7790037;282.8173027;198.9660184
352380803;2815.662447;422.1104149;556.4701752;480.5003697;551.2104525;494.233724;311.1373106
352380701;2877.9817;411.2637507;854.7408744;622.3022488;489.882587;300.2038509;199.5883883
352380106;1772.420709;168.0040752;442.3128476;262.2303129;188.1592728;306.5001882;405.2140118
352380507;2002.121255;305.1747532;783.1085669;261.7396527;383.5583561;180.1160468;88.42387904
352380201;3225.763195;417.7153633;1064.392097;664.7091191;460.0815485;281.5808587;337.2842084
352381007;6345.966927;1014.543659;2708.605;1428.994556;776.1141505;334.5789659;83.1305952
352380305;2688.457416;347.076309;939.8033771;636.1900396;386.291828;249.2296726;129.86619
352381008;296.109922;33.13565943;99.13466049;60.68273539;40.42457169;30.88048788;31.85180709
352380510;197.578988;25.57169801;51.53275421;23.00088755;53.18688929;33.55757762;10.72918135
352381003;2969.21862;485.939805;1279.313749;404.5626335;377.2979278;239.5172936;182.5872107
352380206;2755.112682;534.0760782;828.8013951;631.5551344;393.4086181;236.4839616;130.7874945
352380504;3464.643189;647.5513251;718.1583031;716.4601712;595.9182401;485.711803;300.8433463
352750000;5312;1237.698283;818.7855491;1214.05395;960.3316977;783.5085724;297.6219476
352660000;3428;751;558;713;694;492;220
350760000;4268;822.3036017;661.7403475;833.681612;919.1295718;705.3359238;325.8089433
351890000;3564;672.7888774;588.8408242;704.973353;699.4124429;591.2109139;306.7735887
351310000;4647;870.052988;777.9903584;921.3685364;925.5111396;743.6352116;408.4417661
352380903;6051.886339;1110.909445;1716.457091;1387.616236;894.2750863;532.6137666;410.0147136
